{
  "ReRoutes": [
    {
      "DownstreamPathTemplate": "/api/course/getCourse",
      "DownstreamScheme": "https",
      "DownstreamHostAndPorts": [
        {
          "Host": "localhost",
          "Port": "44329"
        }
      ],
      "UpstreamPathTemplate": "/getCourse",
      "Key": "Course"
    },
    {
      "DownstreamPathTemplate": "/api/student/getStudent",
      "DownstreamScheme": "https",
      "DownstreamHostAndPorts": [
        {
          "Host": "localhost",
          "Port": "44333"
        }
      ],
      "UpstreamPathTemplate": "/getStudent",
      "Key": "Student"
    }
  ],
  "Aggregates": [
    {
      "ReRouteKeys": [
        "Course",
        "Student"
      ],
      "UpstreamPathTemplate": "/CourseAndStudent"
    }
  ],
  "GlobalConfiguration": {
    "BaseUrl": "https://localhost:44374"
  }
}